Eric,Loewe,1813299,male,EricLoewe@dayrep.com,4/16/1995
Kerstin,Rothstein,4371347,female,KerstinRothstein@rhyta.com,4/21/1981
Manuela,Abendroth,6172925,female,ManuelaAbendroth@rhyta.com,12/10/1991
Ute,Glockner,7556696,female,UteGlockner@superrito.com,4/8/1979
Wolfgang,Braun,6062331,male,WolfgangBraun@rhyta.com,12/10/1995
Monika,Kruger,1789571,female,MonikaKruger@superrito.com,2/25/1984
Claudia,Schneider,5967138,female,ClaudiaSchneider@superrito.com,7/6/1992
Marko,Schulz,8867940,male,MarkoSchulz@einrot.com,6/16/1981
Mario,Nacht,2642301,male,MarioNacht@rhyta.com,9/16/1980
Lucas,Wirtz,6568574,male,LucasWirtz@gustr.com,2/16/1994
Silke,Kastner,6085116,female,SilkeKastner@rhyta.com,1/6/1983
Eric,Boehm,6399837,male,EricBoehm@dayrep.com,10/23/1994
Jan,Wolf,8686602,male,JanWolf@teleworm.us,7/17/1994
Nicole,Glockner,1178743,female,NicoleGlockner@jourrapide.com,6/4/1978
Maik,Faerber,8548933,male,MaikFaerber@teleworm.us,7/7/1993
Jan,Bumgarner,9629185,male,JanBumgarner@einrot.com,10/23/1978
Sophie,Kaestner,6558443,female,SophieKaestner@armyspy.com,4/21/1984
Brigitte,Glockner,5342302,female,BrigitteBieber@cuvox.de,1/30/1981
Laura,Wolf,1036795,female,LauraPabst@gustr.com,1/18/1988
Marcel,Schuster,8167180,male,MarcelSchuster@superrito.com,4/3/1978
Laura,Furst,4466721,female,LauraFurst@einrot.com,1/23/1988
Heike,Schwartz,3553744,female,HeikeSchwartz@teleworm.us,5/22/1984
Tobias,Zimmerman,9116408,male,TobiasZimmerman@jourrapide.com,7/17/1985
Maria,Biermann,1970248,female,MariaBiermann@fleckens.hu,10/31/1987
Kevin,Gottlieb,8757233,male,KevinGottlieb@rhyta.com,8/23/1986
Stephan,Nagel,5094212,male,StephanNagel@rhyta.com,12/30/1982
Florian,Saenger,1793306,male,FlorianSaenger@cuvox.de,4/9/1981
Luca,Bader,9657796,male,LucaBader@armyspy.com,4/2/1983
Barbara,Seiler,6548196,female,BarbaraSeiler@teleworm.us,3/2/1994
Rene,Bieber,2741084,male,ReneBieber@teleworm.us,12/27/1983
Matthias,Loewe,9274316,male,MatthiasLoewe@armyspy.com,5/14/1992
Lucas,Rothstein,7361495,male,LucasRothstein@superrito.com,1/18/1992
Kevin,Fuerst,6112432,male,KevinFuerst@rhyta.com,9/17/1991
Eric,Saenger,5447242,male,EricSaenger@cuvox.de,5/5/1983
Barbara,Koehler,4918192,female,BarbaraKoehler@einrot.com,2/18/1995
Karolin,Kappel,2174763,female,KarolinKappel@rhyta.com,7/19/1988
Katrin,Neumann,6236813,female,KatrinNeumann@gustr.com,1/8/1989
Uta,Kirsch,9885330,female,UtaKirsch@teleworm.us,2/5/1978
Steffen,Eberhardt,1042704,male,SteffenEberhardt@dayrep.com,2/28/1982
Kathrin,Frueh,7879114,female,KathrinFrueh@superrito.com,2/12/1982
Christian,Pfeifer,6453905,male,ChristianPfeifer@superrito.com,8/16/1983
Jonas,Beyer,6127821,male,JonasBeyer@rhyta.com,10/20/1989
Ulrich,Maur,4278952,male,UlrichMaur@armyspy.com,8/1/1991
Ursula,Schreiner,5140507,female,UrsulaSchwartz@superrito.com,9/27/1979
Jonas,Schroeder,6306565,male,JonasSchroeder@einrot.com,7/18/1988
Ursula,Vogt,2827886,female,UrsulaVogt@cuvox.de,10/14/1985
Rene,Weissmuller,4769693,male,ReneWeissmuller@einrot.com,5/21/1983
Uta,Schaefer,2865008,female,UtaSchafer@jourrapide.com,9/29/1992
Maik,Junker,7170188,male,MaikJunker@einrot.com,6/2/1986
Paul,Schreiner,4806488,male,PaulSchreiner@teleworm.us,7/8/1990
